-- ============================================================
-- Migration 0003: Seed data — ONE tenant, ONE outlet (your shop),
-- starter categories, 10 sample items, 8 common ingredients.
-- Edit the shop name/address below before running if you like.
-- ============================================================

-- Fixed UUIDs so the app and future scripts can reference them.
insert into public.tenants (id, name)
values ('11111111-1111-1111-1111-111111111111', 'My Coffee Shop');

insert into public.outlets (id, tenant_id, name, address, gstin, phone)
values ('22222222-2222-2222-2222-222222222222',
        '11111111-1111-1111-1111-111111111111',
        'My Coffee Shop — Hyderabad',
        'Hyderabad, Telangana', null, null);

-- Categories
insert into public.categories (id, tenant_id, outlet_id, name, sort_order) values
  ('33333333-0000-0000-0000-000000000001', '11111111-1111-1111-1111-111111111111', '22222222-2222-2222-2222-222222222222', 'Coffee', 1),
  ('33333333-0000-0000-0000-000000000002', '11111111-1111-1111-1111-111111111111', '22222222-2222-2222-2222-222222222222', 'Tea', 2),
  ('33333333-0000-0000-0000-000000000003', '11111111-1111-1111-1111-111111111111', '22222222-2222-2222-2222-222222222222', 'Breads', 3),
  ('33333333-0000-0000-0000-000000000004', '11111111-1111-1111-1111-111111111111', '22222222-2222-2222-2222-222222222222', 'Biscuits', 4),
  ('33333333-0000-0000-0000-000000000005', '11111111-1111-1111-1111-111111111111', '22222222-2222-2222-2222-222222222222', 'Cakes', 5),
  ('33333333-0000-0000-0000-000000000006', '11111111-1111-1111-1111-111111111111', '22222222-2222-2222-2222-222222222222', 'Snacks', 6);

-- 10 sample items (prices are GST-inclusive)
insert into public.items (tenant_id, outlet_id, category_id, name, price, gst_percent) values
  ('11111111-1111-1111-1111-111111111111', '22222222-2222-2222-2222-222222222222', '33333333-0000-0000-0000-000000000001', 'Filter Coffee', 40, 5),
  ('11111111-1111-1111-1111-111111111111', '22222222-2222-2222-2222-222222222222', '33333333-0000-0000-0000-000000000001', 'Cappuccino', 120, 5),
  ('11111111-1111-1111-1111-111111111111', '22222222-2222-2222-2222-222222222222', '33333333-0000-0000-0000-000000000001', 'Cold Coffee', 140, 5),
  ('11111111-1111-1111-1111-111111111111', '22222222-2222-2222-2222-222222222222', '33333333-0000-0000-0000-000000000002', 'Masala Chai', 30, 5),
  ('11111111-1111-1111-1111-111111111111', '22222222-2222-2222-2222-222222222222', '33333333-0000-0000-0000-000000000002', 'Green Tea', 50, 5),
  ('11111111-1111-1111-1111-111111111111', '22222222-2222-2222-2222-222222222222', '33333333-0000-0000-0000-000000000003', 'Bun Maska', 45, 5),
  ('11111111-1111-1111-1111-111111111111', '22222222-2222-2222-2222-222222222222', '33333333-0000-0000-0000-000000000004', 'Osmania Biscuit (4 pc)', 40, 5),
  ('11111111-1111-1111-1111-111111111111', '22222222-2222-2222-2222-222222222222', '33333333-0000-0000-0000-000000000005', 'Chocolate Brownie', 90, 18),
  ('11111111-1111-1111-1111-111111111111', '22222222-2222-2222-2222-222222222222', '33333333-0000-0000-0000-000000000005', 'Plum Cake Slice', 70, 18),
  ('11111111-1111-1111-1111-111111111111', '22222222-2222-2222-2222-222222222222', '33333333-0000-0000-0000-000000000006', 'Veg Puff', 35, 5);

-- 8 common ingredients
insert into public.ingredients (tenant_id, outlet_id, name, unit, current_stock, low_stock_threshold, cost_per_unit) values
  ('11111111-1111-1111-1111-111111111111', '22222222-2222-2222-2222-222222222222', 'Coffee Beans', 'kg', 5, 2, 800),
  ('11111111-1111-1111-1111-111111111111', '22222222-2222-2222-2222-222222222222', 'Milk', 'L', 20, 10, 60),
  ('11111111-1111-1111-1111-111111111111', '22222222-2222-2222-2222-222222222222', 'Sugar', 'kg', 10, 3, 45),
  ('11111111-1111-1111-1111-111111111111', '22222222-2222-2222-2222-222222222222', 'Tea Powder', 'kg', 3, 1, 350),
  ('11111111-1111-1111-1111-111111111111', '22222222-2222-2222-2222-222222222222', 'Flour (Maida)', 'kg', 8, 3, 40),
  ('11111111-1111-1111-1111-111111111111', '22222222-2222-2222-2222-222222222222', 'Butter', 'kg', 2, 1, 500),
  ('11111111-1111-1111-1111-111111111111', '22222222-2222-2222-2222-222222222222', 'Eggs', 'pcs', 60, 24, 6),
  ('11111111-1111-1111-1111-111111111111', '22222222-2222-2222-2222-222222222222', 'Packing Cups', 'pkt', 10, 4, 120);
